{"_default": {"1": {"correction": [0.9942276552319527, -0.09682570397853851, -0.09318546950817108, 1.033066563308239], "i_offset": -0.000885009765625, "q_offset": -0.0032958984375, "lo_frequency": 7100000000.0, "if_frequency": 35322000.0, "temperature": {"temp": 58.25, "errors": []}, "mixer_id": "octave_octave1_1", "optimizer_parameters": {"average_iterations": 100, "iterations": 10000, "calibration_offset_frequency": 7000000.0, "keep_on": false}}, "2": {"correction": [0.9843983836472034, 0.056579768657684326, 0.05430668592453003, 1.0256017595529556], "i_offset": -0.03018951416015625, "q_offset": 0.0204010009765625, "lo_frequency": 6100000000.0, "if_frequency": 184220000.0, "temperature": {"temp": 51.8125, "errors": []}, "mixer_id": "octave_octave1_2", "optimizer_parameters": {"average_iterations": 100, "iterations": 10000, "calibration_offset_frequency": 7000000.0, "keep_on": false}}, "3": {"correction": [0.9902525208890438, 0.030617237091064453, 0.029937267303466797, 1.0127442739903927], "i_offset": -0.00719451904296875, "q_offset": -0.005859375, "lo_frequency": 6012000000.0, "if_frequency": 100000000.0, "temperature": {"temp": 58.25, "errors": []}, "mixer_id": "octave_octave1_1", "optimizer_parameters": {"average_iterations": 100, "iterations": 10000, "calibration_offset_frequency": 7000000.0, "keep_on": false}}, "4": {"correction": [1.0079071894288063, 0.13412749394774437, 0.12962138280272484, 1.042945709079504], "i_offset": 0.0185546875, "q_offset": 0.0095062255859375, "lo_frequency": 5467000000.0, "if_frequency": 100000000.0, "temperature": {"temp": 51.25, "errors": []}, "mixer_id": "octave_octave1_2", "optimizer_parameters": {"average_iterations": 100, "iterations": 10000, "calibration_offset_frequency": 7000000.0, "keep_on": false}}, "5": {"correction": [0.9941620528697968, -0.09657679498195648, -0.09294591844081879, 1.0329983979463577], "i_offset": -0.000518798828125, "q_offset": -0.00372314453125, "lo_frequency": 7100000000.0, "if_frequency": 34000000.0, "temperature": {"temp": 58.3125, "errors": []}, "mixer_id": "octave_octave1_1", "optimizer_parameters": {"average_iterations": 100, "iterations": 10000, "calibration_offset_frequency": 7000000.0, "keep_on": false}}, "6": {"correction": [0.9844945967197418, 0.057187315076589584, 0.054889824241399765, 1.025702003389597], "i_offset": -0.029754638671875, "q_offset": 0.02056884765625, "lo_frequency": 6100000000.0, "if_frequency": 186000000.0, "temperature": {"temp": 52.0, "errors": []}, "mixer_id": "octave_octave1_2", "optimizer_parameters": {"average_iterations": 100, "iterations": 10000, "calibration_offset_frequency": 7000000.0, "keep_on": false}}, "7": {"correction": [0.9917549826204777, 0.031311605125665665, 0.030706021934747696, 1.0113143399357796], "i_offset": -0.00042724609375, "q_offset": -0.001068115234375, "lo_frequency": 6062000000.0, "if_frequency": 50000000.0, "temperature": {"temp": 58.25, "errors": []}, "mixer_id": "octave_octave1_1", "optimizer_parameters": {"average_iterations": 100, "iterations": 10000, "calibration_offset_frequency": 7000000.0, "keep_on": false}}, "8": {"correction": [0.9917549826204777, 0.031311605125665665, 0.030706021934747696, 1.0113143399357796], "i_offset": -0.00030517578125, "q_offset": -0.0009613037109375, "lo_frequency": 6062000000.0, "if_frequency": 57620000.0, "temperature": {"temp": 57.875, "errors": []}, "mixer_id": "octave_octave1_1", "optimizer_parameters": {"average_iterations": 100, "iterations": 10000, "calibration_offset_frequency": 7000000.0, "keep_on": false}}}}