{"_default": {"1": {"correction": [0.9942276552319527, -0.09682570397853851, -0.09318546950817108, 1.033066563308239], "i_offset": -0.000885009765625, "q_offset": -0.0032958984375, "lo_frequency": 7100000000.0, "if_frequency": 35322000.0, "temperature": {"temp": 58.25, "errors": []}, "mixer_id": "octave_octave1_1", "optimizer_parameters": {"average_iterations": 100, "iterations": 10000, "calibration_offset_frequency": 7000000.0, "keep_on": false}}, "2": {"correction": [0.9843983836472034, 0.056579768657684326, 0.05430668592453003, 1.0256017595529556], "i_offset": -0.03018951416015625, "q_offset": 0.0204010009765625, "lo_frequency": 6100000000.0, "if_frequency": 184220000.0, "temperature": {"temp": 51.8125, "errors": []}, "mixer_id": "octave_octave1_2", "optimizer_parameters": {"average_iterations": 100, "iterations": 10000, "calibration_offset_frequency": 7000000.0, "keep_on": false}}, "3": {"correction": [0.9902525208890438, 0.030617237091064453, 0.029937267303466797, 1.0127442739903927], "i_offset": -0.00719451904296875, "q_offset": -0.005859375, "lo_frequency": 6012000000.0, "if_frequency": 100000000.0, "temperature": {"temp": 58.25, "errors": []}, "mixer_id": "octave_octave1_1", "optimizer_parameters": {"average_iterations": 100, "iterations": 10000, "calibration_offset_frequency": 7000000.0, "keep_on": false}}, "4": {"correction": [1.00910010561347, 0.13604704290628433, 0.13160482794046402, 1.04316146671772], "i_offset": 0.018524169921875, "q_offset": 0.0093994140625, "lo_frequency": 5467000000.0, "if_frequency": 100000000.0, "temperature": {"temp": 51.1875, "errors": []}, "mixer_id": "octave_octave1_2", "optimizer_parameters": {"average_iterations": 100, "iterations": 10000, "calibration_offset_frequency": 7000000.0, "keep_on": false}}, "5": {"correction": [0.9941620528697968, -0.09657679498195648, -0.09294591844081879, 1.0329983979463577], "i_offset": -0.000518798828125, "q_offset": -0.00372314453125, "lo_frequency": 7100000000.0, "if_frequency": 34000000.0, "temperature": {"temp": 58.3125, "errors": []}, "mixer_id": "octave_octave1_1", "optimizer_parameters": {"average_iterations": 100, "iterations": 10000, "calibration_offset_frequency": 7000000.0, "keep_on": false}}, "6": {"correction": [0.9844945967197418, 0.057187315076589584, 0.054889824241399765, 1.025702003389597], "i_offset": -0.029754638671875, "q_offset": 0.02056884765625, "lo_frequency": 6100000000.0, "if_frequency": 186000000.0, "temperature": {"temp": 52.0, "errors": []}, "mixer_id": "octave_octave1_2", "optimizer_parameters": {"average_iterations": 100, "iterations": 10000, "calibration_offset_frequency": 7000000.0, "keep_on": false}}, "7": {"correction": [0.9920627623796463, 0.03204335272312164, 0.03143896162509918, 1.0111344456672668], "i_offset": -0.000335693359375, "q_offset": -0.0009765625, "lo_frequency": 6062000000.0, "if_frequency": 50000000.0, "temperature": {"temp": 57.9375, "errors": []}, "mixer_id": "octave_octave1_1", "optimizer_parameters": {"average_iterations": 100, "iterations": 10000, "calibration_offset_frequency": 7000000.0, "keep_on": false}}, "8": {"correction": [0.9917549826204777, 0.031311605125665665, 0.030706021934747696, 1.0113143399357796], "i_offset": -0.00030517578125, "q_offset": -0.0009613037109375, "lo_frequency": 6062000000.0, "if_frequency": 57620000.0, "temperature": {"temp": 57.875, "errors": []}, "mixer_id": "octave_octave1_1", "optimizer_parameters": {"average_iterations": 100, "iterations": 10000, "calibration_offset_frequency": 7000000.0, "keep_on": false}}, "9": {"correction": [0.9983937777578831, -0.10741081833839417, -0.10362513735890388, 1.0348675586283207], "i_offset": 0.00543212890625, "q_offset": -0.003509521484375, "lo_frequency": 7206000000.0, "if_frequency": 50000000.0, "temperature": {"temp": 57.875, "errors": []}, "mixer_id": "octave_octave1_1", "optimizer_parameters": {"average_iterations": 100, "iterations": 10000, "calibration_offset_frequency": 7000000.0, "keep_on": false}}, "10": {"correction": [0.9777972735464573, 0.017995275557041168, 0.017179884016513824, 1.0242054760456085], "i_offset": -0.047760009765625, "q_offset": 0.008056640625, "lo_frequency": 6382000000.0, "if_frequency": 100000000.0, "temperature": {"temp": 51.0625, "errors": []}, "mixer_id": "octave_octave1_2", "optimizer_parameters": {"average_iterations": 100, "iterations": 10000, "calibration_offset_frequency": 7000000.0, "keep_on": false}}, "11": {"correction": [0.9918001294136047, 0.031804703176021576, 0.031189583241939545, 1.0113603807985783], "i_offset": -0.00018310546875, "q_offset": -0.0009765625, "lo_frequency": 6062000000.0, "if_frequency": 56000000.0, "temperature": {"temp": 58.0, "errors": []}, "mixer_id": "octave_octave1_1", "optimizer_parameters": {"average_iterations": 100, "iterations": 10000, "calibration_offset_frequency": 7000000.0, "keep_on": false}}, "12": {"correction": [0.9894565418362617, 0.045296911150217056, 0.04407525435090065, 1.0168818235397339], "i_offset": -0.0067901611328125, "q_offset": -0.011688232421875, "lo_frequency": 5968000000.0, "if_frequency": 50000000.0, "temperature": {"temp": 58.0, "errors": []}, "mixer_id": "octave_octave1_1", "optimizer_parameters": {"average_iterations": 100, "iterations": 10000, "calibration_offset_frequency": 7000000.0, "keep_on": false}}, "13": {"correction": [1.0420268923044205, 0.1728515625, 0.1728515625, 1.0420268923044205], "i_offset": 0.0197296142578125, "q_offset": 0.053253173828125, "lo_frequency": 5342000000.0, "if_frequency": 100000000.0, "temperature": {"temp": 51.25, "errors": []}, "mixer_id": "octave_octave1_2", "optimizer_parameters": {"average_iterations": 100, "iterations": 10000, "calibration_offset_frequency": 7000000.0, "keep_on": false}}, "14": {"correction": [0.9915832988917828, 0.03205915167927742, 0.031423766165971756, 1.0116330161690712], "i_offset": -0.0003662109375, "q_offset": -0.00103759765625, "lo_frequency": 6062000000.0, "if_frequency": 59260000.0, "temperature": {"temp": 57.9375, "errors": []}, "mixer_id": "octave_octave1_1", "optimizer_parameters": {"average_iterations": 100, "iterations": 10000, "calibration_offset_frequency": 7000000.0, "keep_on": false}}}}