{
  "qubits": [{
      "name": "q0",
      "f_01": 6421662970.0,
      "f_tls": [6421749542.0,6167842315.0],
      "lo": 6471662970.0,
      "rf_gain": 0,
      "rf_switch_mode": "on",
      "mixer_name": "octave_octave1_2",
      "anharmonicity": 174848520.0,
      "drag_coefficient": 0.0,
      "ac_stark_detuning": 0.0,
      "x180_length": 180,
      "x180_amp": 0.25,
      "pi_length": [40,80],
      "pi_length_tls": [200],
      "pi_amp": [0.0508274,0.0213884],
      "pi_amp_tls": [1.0],
      "T1": 4342,
      "T2": 123,
      "tuning_curve": [-3363.766314205999,0.0,-6690.529605028814,0.0,6425.791423768482],
      "digital_marker": {
        "delay": 87,
        "buffer": 18
      },
      "wiring": {
        "controller": "con1",
        "I": 3,
        "Q": 4,
        "digital_marker": 3
      }
    },{
      "name": "q1",
      "f_01": 6289000000.0,
      "f_tls": [6289000000.0],
      "lo": 6389000000.0,
      "rf_gain": 0,
      "rf_switch_mode": "on",
      "mixer_name": "octave_octave1_2",
      "anharmonicity": 250000000.0,
      "drag_coefficient": 0.0,
      "ac_stark_detuning": 0.0,
      "x180_length": 40,
      "x180_amp": 0.25,
      "pi_length": [100],
      "pi_length_tls": [],
      "pi_amp": [0.25],
      "pi_amp_tls": [],
      "T1": 1230,
      "T2": 123,
      "tuning_curve": [0.0,0.0,0.0],
      "digital_marker": {
        "delay": 87,
        "buffer": 18
      },
      "wiring": {
        "controller": "con1",
        "I": 3,
        "Q": 4,
        "digital_marker": 3
      }
    },{
      "name": "q2",
      "f_01": 6071518959.0,
      "f_tls": [6071518959.0],
      "lo": 6121518959.0,
      "rf_gain": 0,
      "rf_switch_mode": "on",
      "mixer_name": "octave_octave1_2",
      "anharmonicity": 147889333.0,
      "drag_coefficient": 0.0,
      "ac_stark_detuning": 0.0,
      "x180_length": 40,
      "x180_amp": 0.25,
      "pi_length": [40,80],
      "pi_length_tls": [],
      "pi_amp": [0.0698584,0.0304794],
      "pi_amp_tls": [],
      "T1": 3732,
      "T2": 123,
      "tuning_curve": [-2234.3090391,0.0,-6601.86579843,0.0,6080.73594276],
      "digital_marker": {
        "delay": 87,
        "buffer": 18
      },
      "wiring": {
        "controller": "con1",
        "I": 3,
        "Q": 4,
        "digital_marker": 3
      }
    },{
      "name": "q3",
      "f_01": 5934849169.0,
      "f_tls": [5942254046.0],
      "lo": 5984849169.0,
      "rf_gain": 0,
      "rf_switch_mode": "on",
      "mixer_name": "octave_octave1_2",
      "anharmonicity": 250000000.0,
      "drag_coefficient": 0.0,
      "ac_stark_detuning": 0.0,
      "x180_length": 40,
      "x180_amp": 0.25,
      "pi_length": [40],
      "pi_length_tls": [],
      "pi_amp": [0.0800637],
      "pi_amp_tls": [],
      "T1": 1230,
      "T2": 123,
      "tuning_curve": [-176.66431891501114,-430.91092560551846,5705.360290467492],
      "digital_marker": {
        "delay": 87,
        "buffer": 18
      },
      "wiring": {
        "controller": "con1",
        "I": 3,
        "Q": 4,
        "digital_marker": 3
      }
    },{
      "name": "q4",
      "f_01": 5768000000.0,
      "f_tls": [5768000000.0],
      "lo": 5868000000.0,
      "rf_gain": 0,
      "rf_switch_mode": "on",
      "mixer_name": "octave_octave1_2",
      "anharmonicity": 250000000.0,
      "drag_coefficient": 0.0,
      "ac_stark_detuning": 0.0,
      "x180_length": 40,
      "x180_amp": 0.25,
      "pi_length": [100],
      "pi_length_tls": [],
      "pi_amp": [0.25],
      "pi_amp_tls": [],
      "T1": 1230,
      "T2": 123,
      "tuning_curve": [0.0,0.0,0.0],
      "digital_marker": {
        "delay": 87,
        "buffer": 18
      },
      "wiring": {
        "controller": "con1",
        "I": 3,
        "Q": 4,
        "digital_marker": 3
      }
    },{
      "name": "q5",
      "f_01": 5567000000.0,
      "f_tls": [5567000000.0],
      "lo": 5667000000.0,
      "rf_gain": 0,
      "rf_switch_mode": "on",
      "mixer_name": "octave_octave1_2",
      "anharmonicity": 250000000.0,
      "drag_coefficient": 0.0,
      "ac_stark_detuning": 0.0,
      "x180_length": 40,
      "x180_amp": 0.25,
      "pi_length": [100],
      "pi_length_tls": [],
      "pi_amp": [0.25],
      "pi_amp_tls": [],
      "T1": 1230,
      "T2": 123,
      "tuning_curve": [0.0,0.0,0.0],
      "digital_marker": {
        "delay": 87,
        "buffer": 18
      },
      "wiring": {
        "controller": "con1",
        "I": 3,
        "Q": 4,
        "digital_marker": 3
      }
    },{
      "name": "q6",
      "f_01": 5442000000.0,
      "f_tls": [5442000000.0],
      "lo": 5542000000.0,
      "rf_gain": 0,
      "rf_switch_mode": "on",
      "mixer_name": "octave_octave1_2",
      "anharmonicity": 250000000.0,
      "drag_coefficient": 0.0,
      "ac_stark_detuning": 0.0,
      "x180_length": 40,
      "x180_amp": 0.25,
      "pi_length": [100],
      "pi_length_tls": [],
      "pi_amp": [0.25],
      "pi_amp_tls": [],
      "T1": 1230,
      "T2": 123,
      "tuning_curve": [0.0,0.0,0.0],
      "digital_marker": {
        "delay": 87,
        "buffer": 18
      },
      "wiring": {
        "controller": "con1",
        "I": 3,
        "Q": 4,
        "digital_marker": 3
      }
    }],
  "flux_lines": [{
      "name": "flux0",
      "flux_pulse_length": 16,
      "flux_pulse_amp": 0.25,
      "max_frequency_point": 0.06940285302970237,
      "Z_delay": 19,
      "dc_voltage": 0.0,
      "iswap": {
        "length": [26],
        "level": [0.1965]
      },
      "wiring": {
        "controller": "con1",
        "port": 7,
        "filter": {
          "iir_taps": [],
          "fir_taps": []
        }
      }
    },{
      "name": "flux1",
      "flux_pulse_length": 16,
      "flux_pulse_amp": 0.25,
      "max_frequency_point": 0.0,
      "Z_delay": 19,
      "dc_voltage": 0.0,
      "iswap": {
        "length": [],
        "level": []
      },
      "wiring": {
        "controller": "con1",
        "port": 8,
        "filter": {
          "iir_taps": [],
          "fir_taps": []
        }
      }
    },{
      "name": "flux2",
      "flux_pulse_length": 16,
      "flux_pulse_amp": 0.25,
      "max_frequency_point": -0.7718048828803227,
      "Z_delay": 19,
      "dc_voltage": 0.0,
      "iswap": {
        "length": [18,25],
        "level": [0.22,0.434]
      },
      "wiring": {
        "controller": "con1",
        "port": 9,
        "filter": {
          "iir_taps": [],
          "fir_taps": []
        }
      }
    },{
      "name": "flux3",
      "flux_pulse_length": 16,
      "flux_pulse_amp": 0.25,
      "max_frequency_point": -1.2195754305452566,
      "Z_delay": 19,
      "dc_voltage": -1.2195754305452566,
      "iswap": {
        "length": [],
        "level": []
      },
      "wiring": {
        "controller": "con1",
        "port": 10,
        "filter": {
          "iir_taps": [],
          "fir_taps": []
        }
      }
    },{
      "name": "flux4",
      "flux_pulse_length": 16,
      "flux_pulse_amp": 0.25,
      "max_frequency_point": 0.0,
      "Z_delay": 19,
      "dc_voltage": 0.0,
      "iswap": {
        "length": [],
        "level": []
      },
      "wiring": {
        "controller": "con1",
        "port": 7,
        "filter": {
          "iir_taps": [],
          "fir_taps": []
        }
      }
    },{
      "name": "flux5",
      "flux_pulse_length": 16,
      "flux_pulse_amp": 0.25,
      "max_frequency_point": 0.0,
      "Z_delay": 19,
      "dc_voltage": 0.0,
      "iswap": {
        "length": [],
        "level": []
      },
      "wiring": {
        "controller": "con1",
        "port": 8,
        "filter": {
          "iir_taps": [],
          "fir_taps": []
        }
      }
    },{
      "name": "flux6",
      "flux_pulse_length": 16,
      "flux_pulse_amp": 0.25,
      "max_frequency_point": 0.0,
      "Z_delay": 19,
      "dc_voltage": 0.0,
      "iswap": {
        "length": [],
        "level": []
      },
      "wiring": {
        "controller": "con1",