{
  "qubits[].name": ["q0","q1","q2","q3","q4","q5","q6"],
  "qubits[].f_01": [6421355833.0,6289000000.0,6107000000.0,5982000000.0,5768000000.0,5567000000.0,5442000000.0],
  "qubits[].lo": [6221355833.0,6389000000.0,6207000000.0,6082000000.0,5868000000.0,5667000000.0,5542000000.0],
  "qubits[].rf_gain": [0,0,0,0,0,0,0],
  "qubits[].rf_switch_mode": ["on","on","on","on","on","on","on"],
  "qubits[].mixer_name": ["octave_octave1_2","octave_octave1_2","octave_octave1_2","octave_octave1_2","octave_octave1_2","octave_octave1_2","octave_octave1_2"],
  "qubits[].anharmonicity": [250000000.0,250000000.0,250000000.0,250000000.0,250000000.0,250000000.0,250000000.0],
  "qubits[].drag_coefficient": [0.0,0.0,0.0,0.0,0.0,0.0,0.0],
  "qubits[].ac_stark_detuning": [0.0,0.0,0.0,0.0,0.0,0.0,0.0],
  "qubits[].x180_length": [180,40,40,40,40,40,40],
  "qubits[].x180_amp": [0.25,0.25,0.25,0.25,0.25,0.25,0.25],
  "qubits[].pi_length": [[100],[20],[20],[20],[20],[20],[20]],
  "qubits[].pi_amp": [[0.022],[0.25],[0.25],[0.25],[0.25],[0.25],[0.25]],
  "qubits[].T1": [4342,1230,1230,1230,1230,1230,1230],
  "qubits[].T2": [123,123,123,123,123,123,123],
  "qubits[].tuning_curve": [[-3363.766314205999,-1.5582776861393614e-10,-6690.529605028814,-2.4625155840782142e-11,6425.791423768482],[0,0,0],[0,0,0],[0,0,0],[0,0,0],[0,0,0],[0,0,0]],
  "qubits[].wiring.controller": ["con1","con1","con1","con1","con1","con1","con1"],
  "qubits[].wiring.I": [3,3,3,3,3,3,3],
  "qubits[].wiring.Q": [4,4,4,4,4,4,4],
  "qubits[]_len": 7,
  "flux_lines[].name": ["flux0","flux1","flux2","flux3","flux4","flux5","flux6"],
  "flux_lines[].flux_pulse_length": [16,16,16,16,16,16,16],
  "flux_lines[].flux_pulse_amp": [0.25,0.25,0.25,0.25,0.25,0.25,0.25],
  "flux_lines[].max_frequency_point": [0.06940285302970237,0.0,0.0,0.0,0.0,0.0,0.0],
  "flux_lines[].Z_delay": [19,19,19,19,19,19,19],
  "flux_lines[].dc_voltage": [0.06940285302970237,0,0,0,0,0,0],
  "flux_lines[].iswap.length": [[14],[],[],[],[],[],[]],
  "flux_lines[].iswap.level": [[0.4945],[],[],[],[],[],[]],
  "flux_lines[].wiring.controller": ["con1","con1","con1","con1","con1","con1","con1"],
  "flux_lines[].wiring.port": [7,8,9,10,7,8,9],
  "flux_lines[].wiring.filter.iir_taps": [[],[],[],[],[],[],[]],
  "flux_lines[].wiring.filter.fir_taps": [[],[],[],[],[],[],[]],
  "flux_lines[]_len": 7,
  "resonators[].name": ["r0","r1","r2","r3","r4","r5","r6"],
  "resonators[].f_readout": [7263013478.0,7130000000.0,6999000000.0,6875000000.0,6217000000.0,6112000000.0,6018000000.0],
  "resonators[].lo": [7313013478.0,7180000000.0,7049000000.0,6925000000.0,6267000000.0,6162000000.0,6068000000.0],
  "resonators[].rf_gain": [0.0,0.0,0.0,0.0,0.0,0.0,0.0],
  "resonators[].rf_switch_mode": ["on","on","on","on","on","on","on"],
  "resonators[].depletion_time": [10000,10000,10000,10000,10000,10000,10000],
  "resonators[].readout_pulse_length": [500,500,500,500,500,500,500],
  "resonators[].optimal_pulse_length": [2000,2000,2000,2000,2000,2000,2000],
  "resonators[].readout_pulse_amp": [0.125,0.125,0.125,0.125,0.125,0.125,0.125],
  "resonators[].rotation_angle": [0.0,0.0,0.0,0.0,0.0,0.0,0.0],
  "resonators[].ge_threshold": [0.0,0.0,0.0,0.0,0.0,0.0,0.0],
  "resonators[].RO_attenuation": [[32,10],[38,10],[38,10],[36,10],[40,10],[42,10],[40,10]],
  "resonators[].TWPA": [[6324000000.0,-10],[6324000000.0,-10],[6324000000.0,-10],[6324000000.0,-10],[6730600000.0,-11.3],[6730600000.0,-11.3],[6730600000.0,-11.3]],
  "resonators[].tuning_curve": [[7255.847792671296,191.18761913388335,28656.65909733081,0.07669865740269421,-0.03286196327107682,78.99424925653291],[0,0,0,0,0,0],[0,0,0,0,0,0],[0,0,0,0,0,0],[0,0,0,0,0,0],[0,0,0,0,0,0],[0,0,0,0,0,0]],
  "resonators[].wiring.controller": ["con1","con1","con1","con1","con1","con1","con1"],
  "resonators[].wiring.I": [1,1,1,1,1,1,1],
  "resonators[].wiring.Q": [2,2,2,2,2,2,2],
  "resonators[]_len": 7,
  "network.qop_ip": "192.168.88.254",
  "network.octave1_ip": "192.168.88.179",
  "network.qop_port": 80,
  "network.octave_port": 80,
  "network.cluster_name": "DF5",
  "network.save_dir": "",
  "global_parameters.time_of_flight": 304,
  "global_parameters.saturation_amp": 0.1,
  "global_parameters.saturation_len": 14000,
  "global_parameters.con1_downconversion_offset_I": 0.011262000000000003,
  "global_parameters.con1_downconversion_offset_Q": 0.016203,
  "global_parameters.con1_downconversion_gain": 0,
  "global_parameters.con2_downconversion_offset_I": 0.0,
  "global_parameters.con2_downconversion_offset_Q": 0.0,
  "global_parameters.con2_downconversion_gain": 0,
  "global_parameters.RO_delay": 0
}