{
    "modes": {
        "1": {
            "octave_name": "octave1",
            "octave_channel": 1
        },
        "2": {
            "octave_name": "octave1",
            "octave_channel": 2
        },
        "3": {
            "octave_name": "octave1",
            "octave_channel": 3
        },
        "4": {
            "octave_name": "octave1",
            "octave_channel": 4
        },
        "5": {
            "octave_name": "octave1",
            "octave_channel": 5
        }
    },
    "lo_modes": {
        "1": {
            "mode_id": 1,
            "lo_freq": 6000000000.0,
            "gain": 0.0,
            "latest": 11
        },
        "2": {
            "mode_id": 2,
            "lo_freq": 6000000000.0,
            "gain": 0.0,
            "latest": 2
        },
        "3": {
            "mode_id": 3,
            "lo_freq": 6000000000.0,
            "gain": 0.0,
            "latest": 3
        },
        "4": {
            "mode_id": 4,
            "lo_freq": 6000000000.0,
            "gain": 0.0,
            "latest": 4
        },
        "5": {
            "mode_id": 5,
            "lo_freq": 6000000000.0,
            "gain": 0.0,
            "latest": 5
        }
    },
    "lo_cal": {
        "1": {
            "i0": 0.00487698396333271,
            "q0": -0.006230684964753425,
            "lo_mode_id": 1,
            "dc_gain": -0.00873168477691888,
            "dc_phase": 0.012340764633461865,
            "temperature": 47.9375,
            "timestamp": 1702930382.146852,
            "method": "auto"
        },
        "2": {
            "i0": -0.0066825422875633235,
            "q0": 0.005685857232536117,
            "lo_mode_id": 2,
            "dc_gain": -0.010428174214606623,
            "dc_phase": -0.022175687813106006,
            "temperature": 45.9375,
            "timestamp": 1702930389.7609477,
            "method": "auto"
        },
        "3": {
            "i0": -0.015515197536926246,
            "q0": 0.02506373896825738,
            "lo_mode_id": 3,
            "dc_gain": 0.0008011982884505997,
            "dc_phase": -0.012512499086812187,
            "temperature": 49.875,
            "timestamp": 1702930397.41058,
            "method": "auto"
        },
        "4": {
            "i0": -0.0937710779275951,
            "q0": -0.03460588209359405,
            "lo_mode_id": 4,
            "dc_gain": NaN,
            "dc_phase": NaN,
            "temperature": 49.5,
            "timestamp": 1702930405.1845627,
            "method": "auto"
        },
        "5": {
            "i0": -0.012934426013762792,
            "q0": 0.45502683438440306,
            "lo_mode_id": 5,
            "dc_gain": NaN,
            "dc_phase": NaN,
            "temperature": 50.5,
            "timestamp": 1702930412.9356685,
            "method": "auto"
        },
        "6": {
            "i0": 0.004942437042424475,
            "q0": -0.0061609932591708836,
            "lo_mode_id": 1,
            "dc_gain": -0.008482054474757694,
            "dc_phase": 0.011095332348576941,
            "temperature": 57.25,
            "timestamp": 1702930617.9426427,
            "method": "auto"
        },
        "7": {
            "i0": 0.004860455128388862,
            "q0": -0.006211513822375875,
            "lo_mode_id": 1,
            "dc_gain": -0.008170918310048791,
            "dc_phase": 0.013737118290985905,
            "temperature": 58.125,
            "timestamp": 1702930838.5079334,
            "method": "auto"
        },
        "8": {
            "i0": 0.004714643889045328,
            "q0": -0.005797511699364258,
            "lo_mode_id": 1,
            "dc_gain": -0.008752938088944395,
            "dc_phase": 0.013437127432586633,
            "temperature": 58.1875,
            "timestamp": 1702930918.9912298,
            "method": "auto"
        },
        "9": {
            "i0": 0.005596093380848453,
            "q0": -0.006486377452067631,
            "lo_mode_id": 1,
            "dc_gain": -0.00938734589349599,
            "dc_phase": 0.01260842766245131,
            "temperature": 58.3125,
            "timestamp": 1702931130.3762774,
            "method": "auto"
        },
        "10": {
            "i0": 0.005018543999092197,
            "q0": -0.00617532803578926,
            "lo_mode_id": 1,
            "dc_gain": -0.007736351541049791,
            "dc_phase": 0.0163857190172889,
            "temperature": 58.375,
            "timestamp": 1702931252.0475578,
            "method": "auto"
        },
        "11": {
            "i0": 0.004660337441942457,
            "q0": -0.005975995664402996,
            "lo_mode_id": 1,
            "dc_gain": -0.009631750582031362,
            "dc_phase": 0.016386383041427505,
            "temperature": 58.375,
            "timestamp": 1702931345.1806648,
            "method": "auto"
        }
    },
    "if_modes": {
        "1": {
            "lo_mode_id": 1,
            "if_freq": 50000000.0,
            "latest": 11
        },
        "2": {
            "lo_mode_id": 2,
            "if_freq": 50000000.0,
            "latest": 2
        },
        "3": {
            "lo_mode_id": 3,
            "if_freq": 50000000.0,
            "latest": 3
        },
        "4": {
            "lo_mode_id": 4,
            "if_freq": 50000000.0,
            "latest": 4
        },
        "5": {
            "lo_mode_id": 5,
            "if_freq": 50000000.0,
            "latest": 5
        }
    },
    "if_cal": {
        "1": {
            "if_mode_id": 1,
            "gain": -0.009007599562162618,
            "phase": 0.011255603866191061,
            "temperature": 47.9375,
            "timestamp": 1702930382.1539032,
            "method": "auto"
        },
        "2": {
            "if_mode_id": 2,
            "gain": -0.010194030025759677,
            "phase": -0.014051474042432129,
            "temperature": 45.9375,
            "timestamp": 1702930389.7682247,
            "method": "auto"
        },
        "3": {
            "if_mode_id": 3,
            "gain": 0.0022553197229624087,
            "phase": -0.026104279009686614,
            "temperature": 49.875,
            "timestamp": 1702930397.4195533,
            "method": "auto"
        },
        "4": {
            "if_mode_id": 4,
            "gain": NaN,
            "phase": NaN,
            "temperature": 49.5,
            "timestamp": 1702930405.1945336,
            "method": "auto"
        },
        "5": {
            "if_mode_id": 5,
            "gain": NaN,
            "phase": NaN,
            "temperature": 50.5,
            "timestamp": 1702930412.9455793,
            "method": "auto"
        },
        "6": {
            "if_mode_id": 1,
            "gain": -0.008955570771551112,
            "phase": 0.010019856063495773,
            "temperature": 57.25,
            "timestamp": 1702930617.951833,
            "method": "auto"
        },
        "7": {
            "if_mode_id": 1,
            "gain": -0.009996732986289815,
            "phase": 0.01249312048887967,
            "temperature": 58.125,
            "timestamp": 1702930838.5171356,
            "method": "auto"
        },
        "8": {
            "if_mode_id": 1,
            "gain": -0.009284945265601655,
            "phase": 0.012301647688691724,
            "temperature": 58.1875,
            "timestamp": 1702930919.0012026,
            "method": "auto"
        },
        "9": {
            "if_mode_id": 1,
            "gain": 0.00604393713030926,
            "phase": 0.02188042488217726,
            "temperature": 58.3125,
            "timestamp": 1702931130.3871813,
            "method": "auto"
        },
        "10": {
            "if_mode_id": 1,
            "gain": -4.8703713825561314e-05,
            "phase": 0.021394539908382647,
            "temperature": 58.375,
            "timestamp": 1702931252.0592744,
            "method": "auto"
        },
        "11": {
            "if_mode_id": 1,
            "gain": -0.008722666534660884,