{
  "qubits[].name": ["q0","q1","q2","q3","q4","q5","q6"],
  "qubits[].f_01": [6413955527.0,6289000000.0,6080457677.0,5696570224.0,5729295048.0,5567000000.0,5442000000.0],
  "qubits[].f_tls": [[6413955527.0,5774047145.0,5544063059.0,5032231146.0,4772686565.0,4600298617.0],[6289000000.0],[6080457677.0],[5930655347.0,5693887589.0],[5729295048.0],[5567000000.0],[5442000000.0]],
  "qubits[].lo": [6513955527.0,6389000000.0,6130457677.0,5593887589.0,5779295048.0,5667000000.0,5542000000.0],
  "qubits[].rf_gain": [0,0,0,0,0,0,0],
  "qubits[].rf_switch_mode": ["on","on","on","on","on","on","on"],
  "qubits[].mixer_name": ["octave_octave1_2","octave_octave1_2","octave_octave1_2","octave_octave1_2","octave_octave1_2","octave_octave1_2","octave_octave1_2"],
  "qubits[].anharmonicity": [168797801.0,250000000.0,158658069.0,250000000.0,250000000.0,250000000.0,250000000.0],
  "qubits[].drag_coefficient": [0.0,0.0,0.0,0.0,0.0,0.0,0.0],
  "qubits[].ac_stark_detuning": [0.0,0.0,0.0,0.0,0.0,0.0,0.0],
  "qubits[].x180_length": [40,40,40,40,40,40,40],
  "qubits[].x180_amp": [0.1,0.1,0.1,0.1,0.1,0.1,0.1],
  "qubits[].pi_length": [[40,80],[40,80],[40,64],[100,80],[40,80],[40,80],[40,80]],
  "qubits[].pi_amp": [[0.0537282,0.0236398],[0.05,0.02],[0.0569383,0.0304318],[0.0182169,0.02],[0.05,0.02],[0.05,0.02],[0.05,0.02]],
  "qubits[].pi_length_tls": [[200,200,200,200,200,200],[200],[200],[200],[200],[200],[200]],
  "qubits[].pi_amp_tls": [[0.3,0.3,0.3,0.3,0.3,0.3],[0.2],[0.2],[0.4],[0.2],[0.2],[0.2]],
  "qubits[].T1": [1989,1230,3406,3696,1809,1230,1230],
  "qubits[].T2": [1616,123,123,123,123,123,123],
  "qubits[].DC_tuning_curve": [[-33.98958262145066,-77.24117928199897,-382.634157581435,-383.0870249794761,6308.675559635471],[0.0,0.0,0.0],[0.0,0.0,0.0],[0.0,0.0,0.0],[0.0,0.0,0.0],[0.0,0.0,0.0],[0.0,0.0,0.0]],
  "qubits[].AC_tuning_curve": [[-4542.091777006328,-2.3315424369811027e-11,-6563.587023345428,5.116460743180751e-13,6408.224273502293],[0.0,0.0,0.0],[-4899.63463110721,-2.6172995302245537e-10,-6110.189462872368,-4.035777646346395e-11,6073.521499041853],[-2716.669684338239,7.67842614486995e-12,-6253.064746024905,-7.05017373422835e-13,5926.334098645733],[0.0,0.0,0.0],[0.0,0.0,0.0],[0.0,0.0,0.0]],
  "qubits[].digital_marker.delay": [87,87,87,87,87,87,87],
  "qubits[].digital_marker.buffer": [15,15,15,15,15,15,15],
  "qubits[].wiring.controller": ["con1","con1","con1","con1","con1","con1","con1"],
  "qubits[].wiring.I": [3,3,3,3,3,3,3],
  "qubits[].wiring.Q": [4,4,4,4,4,4,4],
  "qubits[].wiring.digital_marker": [3,3,3,3,3,3,3],
  "qubits[]_len": 7,
  "flux_lines[].name": ["flux0","flux1","flux2","flux3","flux4","flux5","flux6"],
  "flux_lines[].flux_pulse_length": [16,16,16,16,16,16,16],
  "flux_lines[].flux_pulse_amp": [0.25,0.25,0.25,0.25,0.25,0.25,0.25],
  "flux_lines[].max_frequency_point": [-0.5653618835877121,0.0,0.0,0.0,0.0,0.0,0.0],
  "flux_lines[].Z_delay": [19,19,19,19,19,19,19],
  "flux_lines[].dc_voltage": [-0.5653618835877121,0.0,0.0,0.0,0.0,0.0,0.0],
  "flux_lines[].iswap.length": [[34,23,17,25,20],[16],[16],[36],[16],[16],[16]],
  "flux_lines[].iswap.level": [[0.3015,0.3485,0.431,0.4655,0.4865],[0.2],[0.2],[0.1925],[0.2],[0.2],[0.2]],
  "flux_lines[].wiring.controller": ["con1","con1","con1","con1","con1","con1","con1"],
  "flux_lines[].wiring.port": [7,8,9,10,7,8,9],
  "flux_lines[].wiring.filter.iir_taps": [[],[],[],[],[],[],[]],
  "flux_lines[].wiring.filter.fir_taps": [[],[],[],[],[],[],[]],
  "flux_lines[]_len": 7,
  "resonators[].name": ["r0","r1","r2","r3","r4","r5","r6"],
  "resonators[].f_readout": [7262729244.0,7130000000.0,7003983618.0,6880187395.0,6225892408.0,6112000000.0,6018000000.0],
  "resonators[].lo": [7312729244.0,7180000000.0,7053983618.0,6930187395.0,6275892408.0,6162000000.0,6068000000.0],
  "resonators[].rf_gain": [0,0,0,0,0,0,0],
  "resonators[].rf_switch_mode": ["on","on","on","on","on","on","on"],
  "resonators[].depletion_time": [10000,10000,10000,10000,10000,10000,10000],
  "resonators[].readout_pulse_length": [500,500,500,500,500,500,500],
  "resonators[].optimal_pulse_length": [2000,2000,2000,2000,2000,2000,2000],
  "resonators[].readout_pulse_amp": [0.3,0.3,0.3,0.3,0.3,0.3,0.3],
  "resonators[].rotation_angle": [0.0,0.0,0.0,0.0,0.0,0.0,0.0],
  "resonators[].ge_threshold": [0.0,0.0,0.0,0.0,0.0,0.0,0.0],
  "resonators[].RO_attenuation": [[32.0,10.0],[38.0,10],[38.0,10],[36.0,10],[40.0,10],[42.0,10],[40.0,10]],
  "resonators[].TWPA": [[6324000000.0,-10.0],[6324000000.0,-10.0],[6324000000.0,-10.0],[6324000000.0,-10.0],[6730600000.0,-11.3],[6730600000.0,-11.3],[6730600000.0,-11.3]],
  "resonators[].tuning_curve": [[7255.358835755318,177.6422283617774,29823.349326644187,0.07383099307283311,0.27148640120639017,80.21723326042148],[0.0,0.0,0.0,0.0,0.0,0.0],[6997.942427893899,168.65129349126482,28307.379016143863,0.07155658442044682,0.38878502477607463,77.4553962196867],[6874.43532351932,164.9913947861003,27071.721094570596,0.052226897995393984,0.4131626689151643,76.98026205445561],[6215.366180358719,164.31522950630264,25063.45378564108,0.07825354155724294,0.06178596150013448,82.8803040678426],[0.0,0.0,0.0,0.0,0.0,0.0],[0.0,0.0,0.0,0.0,0.0,0.0]],
  "resonators[].digital_marker.delay": [87,87,87,87,87,87,87],
  "resonators[].digital_marker.buffer": [15,15,15,15,15,15,15],
  "resonators[].wiring.controller": ["con1","con1","con1","con1","con1","con1","con1"],
  "resonators[].wiring.I": [1,1,1,1,1,1,1],
  "resonators[].wiring.Q": [2,2,2,2,2,2,2],
  "resonators[].wiring.digital_marker": [1,1,1,1,1,1,1],
  "resonators[]_len": 7,
  "network.qop_ip": "192.168.88.254",
  "network.octave1_ip": "192.168.88.179",
  "network.qop_port": 80,
  "network.octave_port": 80,
  "network.cluster_name": "DF5",
  "network.save_dir": "",
  "global_parameters.time_of_flight": 304,
  "global_parameters.saturation_amp": 0.1,
  "global_parameters.saturation_len": 14000,
  "global_parameters.con1_downconversion_offset_I": 0.012740000000000026,
  "global_parameters.con1_downconversion_offset_Q": 0.01823599999999999,
  "global_parameters.con1_downconversion_gain": 0,
  "global_parameters.con2_downconversion_offset_I": 0.0,
  "global_parameters.con2_downconversion_offset_Q": 0.0,
  "global_parameters.con2_downconversion_gain": 0,
  "global_parameters.RO_delay": 0
}