{
  "qubits[].name": ["q0","q1","q2","q3","q4","q5","q6"],
  "qubits[].f_01": [6398717511.0,6289000000.0,5805576375.0,4565925004.0,5729295048.0,5567000000.0,5442000000.0],
  "qubits[].f_tls": [[6398717511.0,5767565844.0,5544063059.0,5032231146.0,4772686565.0,4600298617.0],[6289000000.0],[6080527440.0,5805576375.0],[5939362006.0,5368253440.0,5236847677,5041237464,4565925004.0],[5729295048.0],[5567000000.0],[5442000000.0]],
  "qubits[].lo": [6448717511.0,6389000000.0,5605576375.0,4365925004.0,5779295048.0,5667000000.0,5542000000.0],
  "qubits[].rf_gain": [0,0,0,0,0,0,0],
  "qubits[].rf_switch_mode": ["trig_normal","trig_normal","trig_normal","trig_normal","trig_normal","trig_normal","trig_normal"],
  "qubits[].mixer_name": ["octave_octave1_2","octave_octave1_2","octave_octave1_2","octave_octave1_2","octave_octave1_2","octave_octave1_2","octave_octave1_2"],
  "qubits[].anharmonicity": [168797801.0,250000000.0,159297763.0,250000000.0,250000000.0,250000000.0,250000000.0],
  "qubits[].drag_coefficient": [0.0,0.0,0.0,0.0,0.0,0.0,0.0],
  "qubits[].ac_stark_detuning": [0.0,0.0,0.0,0.0,0.0,0.0,0.0],
  "qubits[].x180_length": [40,40,40,40,40,40,40],
  "qubits[].x180_amp": [0.1,0.1,0.1,0.1,0.1,0.1,0.1],
  "qubits[].pi_length": [[100,80],[40,80],[100,64],[100,80],[40,80],[40,80],[40,80]],
  "qubits[].pi_amp": [[0.0202283,0.0236398],[0.05,0.02],[0.0243585,0.0304318],[0.0191624,0.02],[0.05,0.02],[0.05,0.02],[0.05,0.02]],
  "qubits[].pi_length_tls": [[200,200,200,200,200,200],[200],[84],[200],[200],[200],[200]],
  "qubits[].pi_amp_tls": [[0.5,0.3,0.3,0.3,0.3,0.3],[0.2],[0.45267857],[0.4],[0.2],[0.2],[0.2]],
  "qubits[].T1": [4197,1230,3546,3366,1809,1230,1230],
  "qubits[].T2": [4239,123,4110,2142,123,123,123],
  "qubits[].DC_tuning_curve": [[-33.98958262145066,-77.24117928199897,-382.634157581435,-383.0870249794761,6308.675559635471],[0.0,0.0,0.0],[29.715980899223773,92.98403828736058,-182.33010303587037,-396.2884922475286,5916.277580363351],[-165.17751028673092,-1431.9430461421493,2757.466295562699],[0.0,0.0,0.0],[0.0,0.0,0.0],[0.0,0.0,0.0]],
  "qubits[].AC_tuning_curve": [[-4542.091777006328,0.0,-6563.587023345428,0.0,6408.224273502293],[0.0,0.0,0.0],[-2754.9782305553545,0.0,-6593.923220659262,0.0,6084.663202386288],[-2821.980590763878,0.0,-6228.365528823269,0.0,5926.202609385226],[0.0,0.0,0.0],[0.0,0.0,0.0],[0.0,0.0,0.0]],
  "qubits[].digital_marker.delay": [87,87,87,87,87,87,87],
  "qubits[].digital_marker.buffer": [18,18,18,18,18,18,18],
  "qubits[].wiring.controller": ["con1","con1","con1","con1","con1","con1","con1"],
  "qubits[].wiring.I": [3,3,3,3,3,3,3],
  "qubits[].wiring.Q": [4,4,4,4,4,4,4],
  "qubits[].wiring.digital_marker": [3,3,3,3,3,3,3],
  "qubits[]_len": 7,
  "flux_lines[].name": ["flux0","flux1","flux2","flux3","flux4","flux5","flux6"],
  "flux_lines[].flux_pulse_length": [16,16,16,16,16,16,16],
  "flux_lines[].flux_pulse_amp": [0.25,0.25,0.25,0.25,0.25,0.25,0.25],
  "flux_lines[].max_frequency_point": [-0.5653618835877121,0.0,-0.7773563601300549,-4.324339817344854,0.0,0.0,0.0],
  "flux_lines[].Z_delay": [19,19,19,19,19,19,19],
  "flux_lines[].dc_voltage": [-0.5653618835877121,0.0,0.0,0.0,0.0,0.0,0.0],
  "flux_lines[].iswap.length": [[34,23,17,25,20],[16],[12],[58,45,40,22],[16],[16],[16]],
  "flux_lines[].iswap.level": [[0.3015,0.3485,0.431,0.4655,0.4865],[0.2],[0.219],[0.294,0.325,0.366,0.448],[0.2],[0.2],[0.2]],
  "flux_lines[].wiring.controller": ["con1","con1","con1","con1","con1","con1","con1"],
  "flux_lines[].wiring.port": [7,8,9,10,7,8,9],
  "flux_lines[].wiring.filter.iir_taps": [[],[],[],[],[],[],[]],
  "flux_lines[].wiring.filter.fir_taps": [[],[],[],[],[],[],[]],
  "flux_lines[]_len": 7,
  "resonators[].name": ["r0","r1","r2","r3","r4","r5","r6"],
  "resonators[].f_readout": [7261849244.0,7130000000.0,7003809632.0,6880767535.0,6225892408.0,6112000000.0,6018000000.0],
  "resonators[].lo": [7311849244.0,7180000000.0,7053809632.0,6930767535.0,6275892408.0,6162000000.0,6068000000.0],
  "resonators[].rf_gain": [0,0,0,0,0,0,0],
  "resonators[].rf_switch_mode": ["on","on","on","on","on","on","on"],
  "resonators[].depletion_time": [10000,10000,10000,10000,10000,10000,10000],
  "resonators[].readout_pulse_length": [1000,500,1760,2600,500,500,500],
  "resonators[].optimal_pulse_length": [2000,2000,2000,2000,2000,2000,2000],
  "resonators[].readout_pulse_amp": [0.288,0.3,0.3825,0.27,0.3,0.3,0.3],
  "resonators[].rotation_angle": [5.217465992604859,0.0,0.26940186607775685,2.9993791774611025,0.0,0.0,0.0],
  "resonators[].ge_threshold": [0.0002524945107429614,0.0,0.005231511377401607,0.006488459533191189,0.0,0.0,0.0],
  "resonators[].RO_attenuation": [[32.0,10.0],[38.0,10],[38.0,10],[36.0,10],[40.0,10],[42.0,10],[40.0,10]],
  "resonators[].TWPA": [[6324000000.0,-10.0],[6324000000.0,-10.0],[6324000000.0,-10.0],[6324000000.0,-10.0],[6730600000.0,-11.3],[6730600000.0,-11.3],[6730600000.0,-11.3]],
  "resonators[].tuning_curve": [[7255.358835755318,177.6422283617774,29823.349326644187,0.07383099307283311,0.27148640120639017,80.21723326042148],[0.0,0.0,0.0,0.0,0.0,0.0],[6997.885944004358,172.45867416705642,27647.679126259558,0.07154981987724014,0.3525435065643148,77.94487056774373],[6874.3941273430255,167.80571113133203,27113.79655639106,0.05228726917268943,1.4240349952282447,77.20885393253978],[6215.366180358719,164.31522950630264,25063.45378564108,0.07825354155724294,0.06178596150013448,82.8803040678426],[0.0,0.0,0.0,0.0,0.0,0.0],[0.0,0.0,0.0,0.0,0.0,0.0]],
  "resonators[].digital_marker.delay": [87,87,87,87,87,87,87],
  "resonators[].digital_marker.buffer": [15,15,15,15,15,15,15],
  "resonators[].wiring.controller": ["con1","con1","con1","con1","con1","con1","con1"],
  "resonators[].wiring.I": [1,1,1,1,1,1,1],
  "resonators[].wiring.Q": [2,2,2,2,2,2,2],
  "resonators[].wiring.digital_marker": [1,1,1,1,1,1,1],
  "resonators[]_len": 7,
  "network.qop_ip": "192.168.88.254",
  "network.octave1_ip": "192.168.88.179",
  "network.qop_port": 80,
  "network.octave_port": 80,
  "network.cluster_name": "DF5",
  "network.save_dir": "",
  "global_parameters.time_of_flight": 304,
  "global_parameters.saturation_amp": 0.1,
  "global_parameters.saturation_len": 14000,
  "global_parameters.con1_downconversion_offset_I": 0.01237996893062993,
  "global_parameters.con1_downconversion_offset_Q": 0.017726415437455588,
  "global_parameters.con1_downconversion_gain": 0,
  "global_parameters.con2_downconversion_offset_I": 0.0,
  "global_parameters.con2_downconversion_offset_Q": 0.0,
  "global_parameters.con2_downconversion_gain": 0,
  "global_parameters.RO_delay": 0
}