{
  "qubits[].name": ["q0","q1","q2","q3","q4","q5","q6"],
  "qubits[].f_01": [4503011636.0,6217682682.0,5771658576.0,5043886484.0,5724966400.0,5538911110.0,5421049964.0],
  "qubits[].f_tls": [[6401716447.0],[6217682682.0,5797225210.0],[6068580441.0,5771658576.0],[5920417085.0,5043886484.0],[5724966400.0],[5538911110.0],[5421049964.0]],
  "qubits[].lo": [4303011636.0,6267682682.0,5571658576.0,4843886484.0,5774966400.0,5588911110.0,5471049964.0],
  "qubits[].rf_gain": [0,0,0,0,0,0,0],
  "qubits[].rf_switch_mode": ["trig_normal","trig_normal","trig_normal","trig_normal","trig_normal","trig_normal","trig_normal"],
  "qubits[].mixer_name": ["octave_octave1_2","octave_octave1_2","octave_octave1_2","octave_octave1_2","octave_octave1_2","octave_octave1_2","octave_octave1_2"],
  "qubits[].anharmonicity": [168797801.0,181088334.0,159297763.0,250000000.0,250000000.0,250000000.0,250000000.0],
  "qubits[].drag_coefficient": [0.0,0.0,0.0,0.0,0.0,0.0,0.0],
  "qubits[].ac_stark_detuning": [0.0,0.0,0.0,0.0,0.0,0.0,0.0],
  "qubits[].x180_length": [40,40,40,40,40,40,40],
  "qubits[].x180_amp": [0.1,0.1,0.1,0.1,0.1,0.1,0.1],
  "qubits[].pi_length": [[100,80],[100,80],[100,64],[100,80],[100,80],[100,80],[100,80]],
  "qubits[].pi_amp": [[0.0215395,0.0236398],[0.0264587,0.02],[0.0249204,0.0304318],[0.0182807,0.02],[0.0187242,0.02],[0.0302,0.02],[0.0212055,0.02]],
  "qubits[].pi_length_tls": [[200,200,200,400,200,200,200],[156],[84],[100],[200],[200],[160]],
  "qubits[].pi_amp_tls": [[0.5,0.5,0.5,0.5,0.5,0.5,0.5],[0.5],[0.45267857],[0.5],[0.2],[0.4],[0.4]],
  "qubits[].T1": [3676,3311,4136,4610,1704,2744,4763],
  "qubits[].T2": [2212,672,1710,3333,2042,1998,826],
  "qubits[].DC_tuning_curve": [[-38.927367871536354,-101.13445559656051,-410.4706363465341,-451.4665937802989,6260.81834820671],[-16.423987117286302,-77.74578575278717,-288.0720849762686,-466.52577303299324,5976.518212812127],[-241.3331,-409.5775,5910.5],[10.339934389695445,52.5872119604393,-50.213605905884336,-309.9861851678564,5688.187262649012],[12.48306479319822,6.593299612806096,-331.3746141182772,-91.52370330520446,5718.77980966854],[11.319482316028873,-2.2249734490870603,-166.6985610536869,2.535223233745318,5538.891549997628],[-18.963878578913782,-9.345720109635637,-312.56516103646845,-80.63444130194517,5416.008383075636]],
  "qubits[].AC_tuning_curve": [[-3212.4255263303494,1.4969870432690944e-11,-6930.625083647778,-8.513411445179924e-14,6401.953591887438],[-3207.2354596226487,-9.730555350110874e-11,-6897.489335351469,-1.8328252694708305e-11,6219.242295113345],[7998.107166091444,-5.245438480958996e-10,-7437.271252516831,8.024809652389522e-12,6094.728216341671],[-2680.6499019049925,-2.5804393747497148e-11,-6245.464092281029,-8.037533163447149e-13,5920.696359720646],[-2687.9691408587014,1.177594460993158e-10,-5958.079685529288,1.8278258288288215e-11,5724.452407665758],[-3250.6959903568795,-2.2177837994437915e-11,-6303.964497287826,1.4975524823018807e-12,5539.355063622474],[-5450.789537620386,-2.2395539667481306e-11,-9298.277994103046,-2.370576378107678e-12,5421.968900479562]],
  "qubits[].digital_marker.delay": [87,87,87,87,87,87,87],
  "qubits[].digital_marker.buffer": [18,18,18,18,18,18,18],
  "qubits[].wiring.controller": ["con1","con1","con1","con1","con1","con1","con1"],
  "qubits[].wiring.I": [3,3,3,3,3,3,3],
  "qubits[].wiring.Q": [4,4,4,4,4,4,4],
  "qubits[].wiring.digital_marker": [3,3,3,3,3,3,3],
  "qubits[]_len": 7,
  "flux_lines[].name": ["flux0","flux1","flux2","flux3","flux4","flux5","flux6"],
  "flux_lines[].flux_pulse_length": [16,16,16,16,16,16,16],
  "flux_lines[].flux_pulse_amp": [0.25,0.25,0.25,0.25,0.25,0.25,0.25],
  "flux_lines[].max_frequency_point": [-0.6550693048865829,-1.191462083663652,-0.852924949104709,-1.3130555132013317,-0.1377719411387226,0.0065115244086462205,-0.1293366916753183],
  "flux_lines[].Z_delay": [19,19,19,19,19,19,19],
  "flux_lines[].dc_voltage": [0,0,0,-1.3130555132013317,0,0,0],
  "flux_lines[].iswap.length": [[27,13,34,23,16,26],[12],[37,37],[26],[13,36],[40],[24]],
  "flux_lines[].iswap.level": [[0.168,0.2125,0.302,0.3515,0.415,0.465],[0.244],[0.2,0.282],[0.362],[0.129,0.316],[0.40247],[0.2305]],
  "flux_lines[].wiring.controller": ["con1","con1","con1","con1","con1","con1","con1"],
  "flux_lines[].wiring.port": [7,8,9,10,7,8,9],
  "flux_lines[].wiring.filter.iir_taps": [[],[],[],[],[],[],[]],
  "flux_lines[].wiring.filter.fir_taps": [[],[],[],[],[],[],[]],
  "flux_lines[]_len": 7,
  "resonators[].name": ["r0","r1","r2","r3","r4","r5","r6"],
  "resonators[].f_readout": [7262622396.0,7134280260.0,7004059798.0,6880125636.0,6226691959.0,6120635933.0,6021107131.0],
  "resonators[].lo": [7312622396.0,7184280260.0,7054059798.0,6930125636.0,6276691959.0,6170635933.0,6071107131.0],
  "resonators[].rf_gain": [0,0,0,0,0,0,0],
  "resonators[].rf_switch_mode": ["on","on","on","on","on","on","on"],
  "resonators[].depletion_time": [10000,10000,10000,10000,10000,10000,10000],
  "resonators[].readout_pulse_length": [500,760,1760,500,500,500,500],
  "resonators[].optimal_pulse_length": [2000,2000,2000,2000,2000,2000,2000],
  "resonators[].readout_pulse_amp": [0.288,0.48,0.3825,0.35,0.3,0.3,0.4442],
  "resonators[].rotation_angle": [5.217465992604859,6.5008890535444435,0.26940186607775685,2.9993791774611025,3.85398042421142,0.0,1.5266828713543232],
  "resonators[].ge_threshold": [0.0002524945107429614,0.003022902813548057,0.005231511377401607,0.006488459533191189,0.0017460931215537608,0.0,0.0018877854214434152],
  "resonators[].RO_attenuation": [[32.0,10.0],[38.0,10],[38.0,10],[36.0,10],[40.0,10],[42.0,10],[40.0,10]],
  "resonators[].TWPA": [[6324000000.0,-10.0],[6324000000.0,-10.0],[6324000000.0,-10.0],[6324000000.0,-10.0],[6730600000.0,-11.3],[6730600000.0,-11.3],[6730600000.0,-11.3]],
  "resonators[].tuning_curve": [[7255.747329396045,178.3085937556156,29442.346135027074,0.0736516462881667,0.30720682624301376,81.55049544097315],[7128.061992590499,173.80538574899268,28998.800633635667,0.0522099782835973,0.38540939699895976,76.87880375582472],[6997.972643591636,172.84341389367987,27743.984006221377,0.0713683994655314,0.3899676063228701,77.36245009765726],[6874.416467412048,166.45028026197997,27182.742320679154,0.05232001958446465,0.4327811185694672,76.692050783951],[6215.31693442642,185.0423335272549,23236.63112427575,0.07832723497536197,0.07278417166567366,79.91733113985634],[6110.896598229519,152.1418088876345,26752.725974796576,0.0563653766946281,-0.0036212033446600092,74.66535997679959],[6012.016534625411,156.53265453843792,24610.549615411102,0.07848049156838945,0.07611644641514344,73.74482198486996]],
  "resonators[].digital_marker.delay": [87,87,87,87,87,87,87],
  "resonators[].digital_marker.buffer": [15,15,15,15,15,15,15],
  "resonators[].wiring.controller": ["con1","con1","con1","con1","con1","con1","con1"],
  "resonators[].wiring.I": [1,1,1,1,1,1,1],
  "resonators[].wiring.Q": [2,2,2,2,2,2,2],
  "resonators[].wiring.digital_marker": [1,1,1,1,1,1,1],
  "resonators[]_len": 7,
  "network.qop_ip": "192.168.88.254",
  "network.octave1_ip": "192.168.88.179",
  "network.qop_port": 80,
  "network.octave_port": 80,
  "network.cluster_name": "DF5",
  "network.save_dir": "",
  "global_parameters.time_of_flight": 304,
  "global_parameters.saturation_amp": 0.1,
  "global_parameters.saturation_len": 14000,
  "global_parameters.con1_downconversion_offset_I": 0.06454495820461657,
  "global_parameters.con1_downconversion_offset_Q": 0.0805710338944149,
  "global_parameters.con1_downconversion_gain": 0,
  "global_parameters.con2_downconversion_offset_I": 0.0,
  "global_parameters.con2_downconversion_offset_Q": 0.0,
  "global_parameters.con2_downconversion_gain": 0,
  "global_parameters.RO_delay": 0
}